,Statement 1,Statement 2,label,llm_class
0,new competitors [2],increasing profits for our clients [13],causal,causal
1,new competitors [2],"increased speed efficiency, and lower cost [11]",causal,causal
2,"increased speed efficiency, and lower cost [11]",increasing profits for our clients [13],causal,causal
3,"increased speed efficiency, and lower cost [11]",increasing profits for our clients [13],causal,causal
4,changing market driving the needs for new business model [15],increased importance of bundling products [16],causal,causal
5,increased dependency on devices (e.g. IoT) [18],increased risk of cyber attacks [19],causal,causal
6,increased risk of cyber attacks [19],increase in data privacy regulations [20],causal,causal
7,currency appreciation against US dollar [22],higher revenue for multinational companies [23],causal,causal
8,currency appreciation against US dollar [22],lower demand for USD [25],causal,causal
9,currency appreciation against US dollar [22],low price levels of goods and services [26],causal,causal
10,currency appreciation against US dollar [22],low inflation [27],causal,causal
11,currency appreciation against US dollar [22],decreasing trade deficit or increasing surplus [28],causal,causal
12,currency appreciation against US dollar [22],exchange outlook is positive [29],causal,causal
13,currency appreciation against US dollar [22],improved competitiveness [30],causal,causal
14,currency appreciation against US dollar [22],increased foreign direct investment [31],causal,causal
15,currency appreciation against US dollar [22],minimum or no black market FX rate [383],causal,causal
16,currency appreciation against US dollar [22],higher international reserves [384],causal,causal
17,currency appreciation against US dollar [22],strengthening economic environment [58],causal,causal
18,currency appreciation against US dollar [22],cheaper FX rate benefits net importer country [32],causal,causal
19,cheaper FX rate benefits net importer country [32],decrease in price of commodity [91],causal,causal
20,currency appreciation against US dollar [22],disadvantaged FX rate hurts net exporter country [36],causal,causal
21,disadvantaged FX rate hurts net exporter country [36],local business motivated to cut cost to be more competitive on global market [387],causal,causal
22,disadvantaged FX rate hurts net exporter country [36],promote local business [240],causal,causal
23,currency appreciation against US dollar [22],local corporations purchasing power increase [335],causal,causal
24,currency appreciation against US dollar [22],decrease in taxes [102],causal,causal
25,currency depreciation against US dollar [39],outpaced currency black market exchange rate [40],causal,causal
26,currency depreciation against US dollar [39],high inflation [41],causal,causal
27,currency depreciation against US dollar [39],exchange rate outlook is negative [42],causal,causal
28,currency depreciation against US dollar [39],lower revenue for multinational companies [43],causal,causal
29,currency depreciation against US dollar [39],increasing trade deficit [45],causal,causal
30,currency depreciation against US dollar [39],lower international reserves to GDP ratio [46],causal,causal
31,currency depreciation against US dollar [39],increasing debt levels [47],causal,causal
32,currency depreciation against US dollar [39],higher demand for USD [48],causal,causal
33,currency depreciation against US dollar [39],lower international reserves [393],causal,causal
34,currency depreciation against US dollar [39],weakening economic environment [309],causal,causal
35,currency depreciation against US dollar [39],competitive FX rate benefits net exporter country [49],causal,causal
36,competitive FX rate benefits net exporter country [49],decrease in price of commodity [91],causal,causal
37,currency depreciation against US dollar [39],capital controls (currency volatility) [52],causal,causal
38,capital controls (currency volatility) [52],controls to repatriate cash [53],causal,causal
39,currency depreciation against US dollar [39],disadvantaged FX rate hurts net importer country [396],causal,causal
40,disadvantaged FX rate hurts net importer country [396],increase in price of commodity [214],causal,causal
41,currency depreciation against US dollar [39],increase in taxes [181],causal,causal
42,decreased local protectionism [118],looser capital controls [60],causal,causal
43,looser capital controls [60],less government protection and funding of domestic firms [119],causal,causal
44,less government protection and funding of domestic firms [119],allows for a fair playing ground for all firms [120],causal,causal
45,looser capital controls [60],reduced regulations and production quotas on commodities [122],causal,causal
46,reduced regulations and production quotas on commodities [122],decrease in price of commodity [91],causal,causal
47,looser capital controls [60],reduced risk of net exposed position and local currency deals [343],causal,causal
48,decreased local protectionism [118],decreased tariffs on foreign firms [124],causal,causal
49,decreased tariffs on foreign firms [124],increased foreign direct investment [31],causal,causal
50,increased foreign direct investment [31],strengthening economic environment [58],causal,causal
51,increased foreign direct investment [31],more startups and new businesses [126],causal,causal
52,decreased local protectionism [118],increased programs in support of international trade [127],causal,causal
53,decreased local protectionism [118],lower unemployment rates [180],causal,causal
54,decreased local protectionism [118],lagging behind in technological wave [130],causal,causal
55,decreased local protectionism [118],government trying to stimulate economy [90],causal,causal
56,decreased local protectionism [118],strengthening economic environment [58],causal,causal
57,decreased local protectionism [118],increase in price of commodity [214],causal,causal
58,decreased local protectionism [118],IT market expansion [345],causal,causal
59,decreased local protectionism [118],IT niche competitors operation offshore [348],causal,causal
60,decreased local protectionism [118],decrease in data privacy regulations [297],causal,causal
61,decreased local protectionism [118],decrease in taxes [102],causal,causal
62,decrease in corruption [59],looser capital controls [60],causal,causal
63,looser capital controls [60],increased foreign direct investment [31],causal,causal
64,increased foreign direct investment [31],strengthening economic environment [58],causal,causal
65,looser capital controls [60],easy to repatriate cash [62],causal,causal
66,decrease in corruption [59],increasing government and political stability [64],causal,causal
67,decrease in corruption [59],decrease in possibility of FCPA violation [65],causal,causal
68,decrease in corruption [59],increased government IT spending [332],causal,causal
69,decrease in corruption [59],fair allocation of government budget [68],causal,causal
70,decrease in corruption [59],fair justice system [69],causal,causal
71,decrease in corruption [59],growing respect for authority [70],causal,causal
72,decrease in corruption [59],favorable official(political figurehead) or party elected [262],causal,causal
73,decrease in corruption [59],favorable law passed [72],causal,causal
74,decrease in corruption [59],increased investor and consumer confidence [73],causal,causal
75,increased investor and consumer confidence [73],strengthening economic environment [58],causal,causal
76,decrease in corruption [59],"increase in government spending (infrastructure, education, public benefits) [75]",causal,causal
77,"increase in government spending (infrastructure, education, public benefits) [75]",improving social order [76],causal,causal
78,"increase in government spending (infrastructure, education, public benefits) [75]",increased talent in workforce [77],causal,causal
79,decrease in data privacy regulations [297],untapped market for data providers to enter [80],causal,causal
80,untapped market for data providers to enter [80],increased competition [166],causal,causal
81,untapped market for data providers to enter [80],offshore services become advantageous [82],causal,causal
82,offshore services become advantageous [82],able to analyze market and consumers better [83],causal,causal
83,decrease in data privacy regulations [297],decreased foreign direct investment [88],causal,causal
84,decrease in data privacy regulations [297],unable to stay competitive globally [89],causal,causal
85,decrease in data privacy regulations [297],government trying to stimulate economy [90],causal,causal
86,decrease in data privacy regulations [297],disruptive technologies [152],causal,causal
87,decrease in data privacy regulations [297],decreased local protectionism [118],causal,causal
88,decrease in data privacy regulations [297],market disruptors [168],causal,causal
89,decrease in price of commodity [91],reduced demand for commodity [92],causal,causal
90,decrease in price of commodity [91],regulators agreement to raise the group's production quota [93],causal,causal
91,decrease in price of commodity [91],substituting or adjacent industries prevailing [94],causal,causal
92,decrease in price of commodity [91],increased supplier competition around commodity [95],causal,causal
93,decrease in price of commodity [91],decreased cost of transportation (oil) [96],causal,causal
94,decreased cost of transportation (oil) [96],decreased cost of doing business [97],causal,causal
95,decrease in price of commodity [91],more effective and less expensive methods or techniques for getting commodity [99],causal,causal
96,decrease in price of commodity [91],currency appreciation against US dollar [22],causal,causal
97,decrease in price of commodity [91],strengthening economic environment [58],causal,causal
98,decrease in price of commodity [91],higher profits for local and multinational businesses [100],causal,causal
99,higher profits for local and multinational businesses [100],decreased cost of doing business [97],causal,causal
100,decrease in price of commodity [91],weakening economic environment [309],causal,causal
101,decrease in price of commodity [91],lower profits for local and multinational businesses [101],causal,causal
102,decrease in price of commodity [91],increase in taxes [181],causal,causal
103,decrease in price of commodity [91],improving social order [76],causal,causal
104,decrease in taxes [102],growing social tension [103],causal,causal
105,decrease in taxes [102],conservative politician elected [104],causal,causal
106,decrease in taxes [102],government trying to stimulate economy [90],causal,causal
107,decrease in taxes [102],prolonged economic decline (recession) [106],causal,causal
108,decrease in taxes [102],decreasing debt levels [107],causal,causal
109,decrease in taxes [102],decrease in consumer and investor spending [108],causal,causal
110,decrease in taxes [102],decreasing government and political stability [131],causal,causal
111,decrease in taxes [102],increased motivation for entrepreneurs [109],causal,causal
112,increased motivation for entrepreneurs [109],increased innovative culture [110],causal,causal
113,increased innovative culture [110],new competitors [2],causal,causal
114,decrease in taxes [102],increase consumer spending [112],causal,causal
115,increase consumer spending [112],strengthening economic environment [58],causal,causal
116,increase consumer spending [112],increased revenue for businesses [113],causal,causal
117,decrease in taxes [102],"decrease in government spending (infrastructure, education, public benefits) [114]",causal,causal
118,"decrease in government spending (infrastructure, education, public benefits) [114]",growing social tension [103],causal,causal
119,"decrease in government spending (infrastructure, education, public benefits) [114]",decreased talent in workforce [115],causal,causal
120,decrease in taxes [102],decreased tariffs on foreign firms [124],causal,causal
121,decreased tariffs on foreign firms [124],increased cost of doing business [220],causal,causal
122,decrease in taxes [102],disruptive technologies [152],causal,causal
123,decrease in taxes [102],market disruptors [168],causal,causal
124,decreasing government and political stability [131],unfair justice system [132],causal,causal
125,decreasing government and political stability [131],unfair allocation of government budget [133],causal,causal
126,decreasing government and political stability [131],unfavorable official(political figurehead) or party elected [134],causal,causal
127,decreasing government and political stability [131],unfavorable law passed [135],causal,causal
128,decreasing government and political stability [131],increase in corruption [136],causal,causal
129,decreasing government and political stability [131],increase in bribery [137],causal,causal
130,decreasing government and political stability [131],weakening economic environment [309],causal,causal
131,decreasing government and political stability [131],increase in taxes [181],causal,causal
132,decreasing government and political stability [131],"decrease in government spending (infrastructure, education, public benefits) [114]",causal,causal
133,"decrease in government spending (infrastructure, education, public benefits) [114]",growing social tension [103],causal,causal
134,"decrease in government spending (infrastructure, education, public benefits) [114]",decrease in taxes [102],causal,causal
135,"decrease in government spending (infrastructure, education, public benefits) [114]",decreased talent in workforce [115],causal,causal
136,"decrease in government spending (infrastructure, education, public benefits) [114]",reduction in business investment [138],causal,causal
137,reduction in business investment [138],weakening economic environment [309],causal,causal
138,"decrease in government spending (infrastructure, education, public benefits) [114]",decreased foreign direct investment [88],causal,causal
139,decreased foreign direct investment [88],weakening economic environment [309],causal,causal
140,decreasing government and political stability [131],weakening economic environment [309],causal,causal
141,decreasing government and political stability [131],growing social tension [103],causal,causal
142,decreasing government and political stability [131],currency depreciation against US dollar [39],causal,causal
143,decreasing government and political stability [131],increased local protectionism [239],causal,causal
144,disruptive technologies [152],change in consumer interest and needs [283],causal,causal
145,disruptive technologies [152],broadband Internet becoming more widely available [154],causal,causal
146,disruptive technologies [152],increase in innovative funding [155],causal,causal
147,increase in innovative funding [155],increased government IT spending [332],causal,causal
148,increase in innovative funding [155],IT industries funding local initiatives [352],causal,causal
149,disruptive technologies [152],commoditizing of specific technologies [157],causal,causal
150,disruptive technologies [152],technology products reducing in price [158],causal,causal
151,disruptive technologies [152],cost of connecting decreases [159],causal,causal
152,disruptive technologies [152],digital economies growing [160],causal,causal
153,disruptive technologies [152],decrease in data privacy regulations [297],causal,causal
154,disruptive technologies [152],decreased local protectionism [118],causal,causal
155,disruptive technologies [152],maturity of ecosystem and business partners [291],causal,causal
156,disruptive technologies [152],strengthening economic environment [58],causal,causal
157,disruptive technologies [152],increase in price of commodity [214],causal,causal
158,disruptive technologies [152],change in business strategy [161],causal,causal
159,disruptive technologies [152],increased competition [166],causal,causal
160,disruptive technologies [152],market disruptors [168],causal,causal
161,disruptive technologies [152],increases in dependability on devices [169],causal,causal
162,increases in dependability on devices [169],increases exposure to potential security threats [170],causal,causal
163,increases exposure to potential security threats [170],increase in data privacy regulations [20],causal,causal
164,disruptive technologies [152],increase in data privacy regulations [20],causal,causal
165,growing social tension [103],unfair justice system [132],causal,causal
166,growing social tension [103],"decrease in government spending (infrastructure, education, public benefits) [114]",causal,causal
167,growing social tension [103],unfavorable law passed [135],causal,causal
168,growing social tension [103],unfair allocation of government budget [133],causal,causal
169,growing social tension [103],excessive use of government forces for domestic control [326],causal,causal
170,growing social tension [103],rising unemployment rates [173],causal,causal
171,growing social tension [103],unfavorable official(political figurehead) or party elected [134],causal,causal
172,growing social tension [103],increase in corruption [136],causal,causal
173,growing social tension [103],decrease in price of commodity [91],causal,causal
174,growing social tension [103],increase in social expenditure [327],causal,causal
175,increase in social expenditure [327],increasing budget deficit [328],causal,causal
176,increasing budget deficit [328],increase in taxes [181],causal,causal
177,increasing budget deficit [328],increased interest rate [329],causal,causal
178,growing social tension [103],shrinking tax income [331],causal,causal
179,shrinking tax income [331],increasing budget deficit [328],causal,causal
180,increasing budget deficit [328],increase in taxes [181],causal,causal
181,increasing budget deficit [328],increased interest rate [329],causal,causal
182,growing social tension [103],reduced tourism [272],causal,causal
183,reduced tourism [272],increasing budget deficit [328],causal,causal
184,increasing budget deficit [328],increase in taxes [181],causal,causal
185,increasing budget deficit [328],increased interest rate [329],causal,causal
186,growing social tension [103],decreasing government and political stability [131],causal,causal
187,growing social tension [103],decreased investor and consumer confidence [198],causal,causal
188,decreased investor and consumer confidence [198],weakening economic environment [309],causal,causal
189,improving social order [76],fair justice system [69],causal,causal
190,improving social order [76],"increase in government spending (infrastructure, education, public benefits) [75]",causal,causal
191,improving social order [76],favorable law passed [72],causal,causal
192,improving social order [76],fair allocation of government budget [68],causal,causal
193,improving social order [76],decreased use of government forces for domestic control [320],causal,causal
194,improving social order [76],lower unemployment rates [180],causal,causal
195,improving social order [76],favorable official(political figurehead) or party elected [262],causal,causal
196,improving social order [76],decrease in corruption [59],causal,causal
197,improving social order [76],increase in price of commodity [214],causal,causal
198,improving social order [76],increased investor and consumer confidence [73],causal,causal
199,increased investor and consumer confidence [73],strengthening economic environment [58],causal,causal
200,improving social order [76],increasing government and political stability [64],causal,causal
201,improving social order [76],decrease in social expenditure [321],causal,causal
202,decrease in social expenditure [321],decreasing trade deficit or increasing surplus [28],causal,causal
203,decreasing trade deficit or increasing surplus [28],decrease in taxes [102],causal,causal
204,decreasing trade deficit or increasing surplus [28],decreased interest rate [322],causal,causal
205,improving social order [76],growing tax revenue [324],causal,causal
206,growing tax revenue [324],decreasing trade deficit or increasing surplus [28],causal,causal
207,decreasing trade deficit or increasing surplus [28],decrease in taxes [102],causal,causal
208,decreasing trade deficit or increasing surplus [28],decreased interest rate [322],causal,causal
209,improving social order [76],increase in tourism [371],causal,causal
210,increase in tourism [371],decreasing trade deficit or increasing surplus [28],causal,causal
211,decreasing trade deficit or increasing surplus [28],decrease in taxes [102],causal,causal
212,decreasing trade deficit or increasing surplus [28],decreased interest rate [322],causal,causal
213,increased local protectionism [239],increased capital controls [193],causal,causal
214,increased capital controls [193],promote local business [240],causal,causal
215,increased capital controls [193],protecting large declining or bankrupt industries [242],causal,causal
216,protecting large declining or bankrupt industries [242],regulations allow and support slow decline [243],causal,causal
217,increased capital controls [193],protecting infant industries [245],causal,causal
218,protecting infant industries [245],domestic firms have comparative advantage [246],causal,causal
219,increased local protectionism [239],increased tariffs on foreign firms [247],causal,causal
220,increased tariffs on foreign firms [247],decreased foreign direct investment [88],causal,causal
221,decreased foreign direct investment [88],weakening economic environment [309],causal,causal
222,decreased foreign direct investment [88],less startups and new businesses [248],causal,causal
223,increased local protectionism [239],strict environmental regulation [250],causal,causal
224,strict environmental regulation [250],restrictions to clients to expand their businesses infrastructure [252],causal,causal
225,increased local protectionism [239],higher demand for partnerships (joint ventures) [254],causal,causal
226,increased local protectionism [239],deter unfair competition [256],causal,causal
227,increased local protectionism [239],dumping by foreign firms at prices below cost [257],causal,causal
228,increased local protectionism [239],promote exports [258],causal,causal
229,increased local protectionism [239],over reliance on international trade [259],causal,causal
230,increased local protectionism [239],rising unemployment rates [173],causal,causal
231,increased local protectionism [239],self sufficiency to protect from being too exposed (global recession) [261],causal,causal
232,increased local protectionism [239],weakening economic environment [309],causal,causal
233,increased local protectionism [239],decrease in price of commodity [91],causal,causal
234,increased local protectionism [239],restriction to operate with resources from foreign countries [366],causal,causal
235,increased local protectionism [239],request positive balance of trade [368],causal,causal
236,increased local protectionism [239],increase in data privacy regulations [20],causal,causal
237,increased local protectionism [239],increase in taxes [181],causal,causal
238,increase in corruption [136],decreasing government and political stability [131],causal,causal
239,increase in corruption [136],increase in possibility of FCPA violation [189],causal,causal
240,increase in corruption [136],increased capital controls [193],causal,causal
241,increase in corruption [136],increase in bribery [137],causal,causal
242,increase in corruption [136],growing social tension [103],causal,causal
243,increase in corruption [136],unfair allocation of government budget [133],causal,causal
244,increase in corruption [136],drastic increase in taxes [194],causal,causal
245,increase in corruption [136],radical political party or official elected [195],causal,causal
246,increase in corruption [136],increasing debt levels [47],causal,causal
247,increase in corruption [136],lack of respect for authority [196],causal,causal
248,increase in corruption [136],uneven distribution of wealth [197],causal,causal
249,increase in corruption [136],decreased investor and consumer confidence [198],causal,causal
250,decreased investor and consumer confidence [198],weakening economic environment [309],causal,causal
251,increase in corruption [136],increased capital controls [193],causal,causal
252,increased capital controls [193],controls to repatriate cash [53],causal,causal
253,increased capital controls [193],decreased foreign direct investment [88],causal,causal
254,decreased foreign direct investment [88],weakening economic environment [309],causal,causal
255,increase in corruption [136],"decrease in government spending (infrastructure, education, public benefits) [114]",causal,causal
256,"decrease in government spending (infrastructure, education, public benefits) [114]",growing social tension [103],causal,causal
257,"decrease in government spending (infrastructure, education, public benefits) [114]",decreased talent in workforce [115],causal,causal
258,increase in data privacy regulations [20],increase cost of burden on multinational data providers [200],causal,causal
259,increase cost of burden on multinational data providers [200],clients and potential clients need help to comply with privacy [201],causal,causal
260,increase in data privacy regulations [20],increase ability for smaller domestic providers to become competitive [205],causal,causal
261,increase in data privacy regulations [20],market disruptors [168],causal,causal
262,increase in data privacy regulations [20],foreign data providers dominate market [208],causal,causal
263,increase in data privacy regulations [20],lack of consumer confidence in data providers [209],causal,causal
264,increase in data privacy regulations [20],increased cyber attacks [210],causal,causal
265,increase in data privacy regulations [20],increased threat of terrorism [211],causal,causal
266,increase in data privacy regulations [20],increase in personal identify theft attacks [212],causal,causal
267,increase in data privacy regulations [20],unfavorable uses of data by providers and businesses [213],causal,causal
268,increase in data privacy regulations [20],disruptive technologies [152],causal,causal
269,increase in data privacy regulations [20],increased local protectionism [239],causal,causal
270,increase in price of commodity [214],increased demand for commodity [215],causal,causal
271,increase in price of commodity [214],regulators agreement to reduce the production quota [216],causal,causal
272,increase in price of commodity [214],natural disaster reduces availability of commodity [217],causal,non_causal
273,increase in price of commodity [214],currency depreciation against US dollar [39],causal,causal
274,increase in price of commodity [214],increased cost of transportation (oil) [219],causal,causal
275,increased cost of transportation (oil) [219],increased cost of doing business [220],causal,causal
276,increase in price of commodity [214],potential innovation for substitute or less expensive product [222],causal,causal
277,increase in price of commodity [214],less profits for businesses [223],causal,causal
278,increase in price of commodity [214],weakening economic environment [309],causal,causal
279,increase in price of commodity [214],more profits for businesses [224],causal,causal
280,increase in price of commodity [214],strengthening economic environment [58],causal,causal
281,increase in price of commodity [214],decrease in taxes [102],causal,causal
282,increase in price of commodity [214],growing social tension [103],causal,causal
283,increase in taxes [181],prolonged economic growth (boom) [225],causal,causal
284,increase in taxes [181],country in state of war [226],causal,causal
285,increase in taxes [181],liberal politician or party elected [227],causal,causal
286,increase in taxes [181],call for new social programs [228],causal,causal
287,increase in taxes [181],increasing debt levels [47],causal,causal
288,increase in taxes [181],improving social order [76],causal,causal
289,increase in taxes [181],discouraged consumer and business behavior [229],causal,causal
290,discouraged consumer and business behavior [229],reduced income [230],causal,causal
291,reduced income [230],increase in unemployment [403],causal,causal
292,increase in unemployment [403],weakening economic environment [309],causal,causal
293,increase in taxes [181],increased motivation for businesses to outsource work [236],causal,causal
294,increased motivation for businesses to outsource work [236],higher unemployment rates for domestic unskilled workers [237],causal,causal
295,higher unemployment rates for domestic unskilled workers [237],weakening economic environment [309],causal,causal
296,increase in taxes [181],"increase in government spending (infrastructure, education, public benefits) [75]",causal,causal
297,"increase in government spending (infrastructure, education, public benefits) [75]",improving social order [76],causal,causal
298,"increase in government spending (infrastructure, education, public benefits) [75]",increased talent in workforce [77],causal,causal
299,increase in taxes [181],reduced tax incentives [404],causal,causal
300,reduced tax incentives [404],decrease in innovative culture [405],causal,causal
301,increase in taxes [181],increased tariffs on foreign firms [247],causal,causal
302,increase in taxes [181],disruptive technologies [152],causal,causal
303,increase in taxes [181],market disruptors [168],causal,causal
304,increasing government and political stability [64],fair justice system [69],causal,causal
305,increasing government and political stability [64],fair allocation of government budget [68],causal,causal
306,increasing government and political stability [64],favorable official(political figurehead) or party elected [262],causal,causal
307,increasing government and political stability [64],decrease in corruption [59],causal,causal
308,increasing government and political stability [64],favorable law passed [72],causal,causal
309,increasing government and political stability [64],decrease in taxes [102],causal,causal
310,increasing government and political stability [64],"increase in government spending (infrastructure, education, public benefits) [75]",causal,causal
311,"increase in government spending (infrastructure, education, public benefits) [75]",improving social order [76],causal,causal
312,"increase in government spending (infrastructure, education, public benefits) [75]",increase in taxes [181],causal,causal
313,"increase in government spending (infrastructure, education, public benefits) [75]",increased talent in workforce [77],causal,causal
314,"increase in government spending (infrastructure, education, public benefits) [75]",promote local business and foreign investment [263],causal,causal
315,promote local business and foreign investment [263],strengthening economic environment [58],causal,causal
316,increasing government and political stability [64],increase in tourism [371],causal,causal
317,increase in tourism [371],demand for more IT infrastructure [372],causal,causal
318,increasing government and political stability [64],strengthening economic environment [58],causal,causal
319,increasing government and political stability [64],improving social order [76],causal,causal
320,increasing government and political stability [64],currency appreciation against US dollar [22],causal,causal
321,increasing government and political stability [64],decreased local protectionism [118],causal,causal
322,market disruptors [168],change in consumer interest and needs [283],causal,causal
323,market disruptors [168],decrease in data privacy regulations [297],causal,causal
324,market disruptors [168],decreased local protectionism [118],causal,causal
325,market disruptors [168],disruptive technologies [152],causal,causal
326,market disruptors [168],increased ability to facilitate peer to peer transactions [285],causal,causal
327,market disruptors [168],maturity of ecosystem and business partners [291],causal,causal
328,market disruptors [168],strengthening economic environment [58],causal,causal
329,market disruptors [168],increase in price of commodity [214],causal,causal
330,market disruptors [168],increased competition [166],causal,causal
331,market disruptors [168],change in business strategy [161],causal,causal
332,market disruptors [168],increase in data privacy regulations [20],causal,causal
333,maturity of ecosystem and business partners [291],rapid technological change [292],causal,causal
334,rapid technological change [292],disruptive technologies [152],causal,causal
335,rapid technological change [292],"XaaS and digital platforms shorten distribution chain, connecting end users with main service and IT provider directly [378]",causal,causal
336,maturity of ecosystem and business partners [291],change in business strategy to meet a changing demand [296],causal,causal
337,maturity of ecosystem and business partners [291],disruptive technologies [152],causal,causal
338,maturity of ecosystem and business partners [291],decrease in data privacy regulations [297],causal,causal
339,maturity of ecosystem and business partners [291],increase in infrastructure in 3rd world countries [298],causal,causal
340,maturity of ecosystem and business partners [291],increase in innovative funding [155],causal,causal
341,increase in innovative funding [155],increased government IT spending [332],causal,causal
342,maturity of ecosystem and business partners [291],increasing number of IT players [299],causal,causal
343,maturity of ecosystem and business partners [291],increasing number of multinational players [300],causal,causal
344,maturity of ecosystem and business partners [291],increasing size of IT market [301],causal,causal
345,maturity of ecosystem and business partners [291],market disruptors [168],causal,causal
346,maturity of ecosystem and business partners [291],"government open to foreign IT support, regulations in place [379]",causal,causal
347,maturity of ecosystem and business partners [291],disruptive technologies [152],causal,causal
348,maturity of ecosystem and business partners [291],market disruptors [168],causal,causal
349,natural disasters [305],business or supplier disruption [306],causal,causal
350,business or supplier disruption [306],weakening economic environment [309],causal,causal
351,natural disasters [305],employee safety [311],causal,causal
352,employee safety [311],decreased business productivity [270],causal,causal
353,natural disasters [305],client disruption [313],causal,causal
354,client disruption [313],temporarily loss of business [314],causal,causal
355,natural disasters [305],increased irregular geological data [315],causal,causal
356,natural disasters [305],increased irregular weather data (patterns) [316],causal,causal
357,natural disasters [305],increase in movement of tectonic plates [317],causal,causal
358,natural disasters [305],increased irregular tide and current and wave data (patterns) [318],causal,causal
359,natural disasters [305],high geographic disaster exposure [319],causal,causal
360,strengthening economic environment [58],increased business investment and opportunity [179],causal,causal
361,increased business investment and opportunity [179],lower unemployment rates [180],causal,causal
362,lower unemployment rates [180],improving social order [76],causal,causal
363,increased business investment and opportunity [179],increased foreign talent immigration [360],causal,causal
364,strengthening economic environment [58],higher aggregate demand [182],causal,causal
365,strengthening economic environment [58],increased government spending [183],causal,causal
366,strengthening economic environment [58],lower unemployment rates [180],causal,causal
367,strengthening economic environment [58],increased foreign direct investment [31],causal,causal
368,strengthening economic environment [58],increase in tourism [371],causal,causal
369,strengthening economic environment [58],higher aggregate supply [184],causal,causal
370,strengthening economic environment [58],decreasing trade deficit or surplus [185],causal,causal
371,strengthening economic environment [58],increase consumer spending [112],causal,causal
372,strengthening economic environment [58],increase in investment by businesses [187],causal,causal
373,strengthening economic environment [58],currency appreciation against US dollar [22],causal,causal
374,strengthening economic environment [58],increase in price of commodity [214],causal,causal
375,strengthening economic environment [58],"increase in government spending (infrastructure, education, public benefits) [75]",causal,causal
376,"increase in government spending (infrastructure, education, public benefits) [75]",improving social order [76],causal,causal
377,"increase in government spending (infrastructure, education, public benefits) [75]",increased talent in workforce [77],causal,causal
378,"increase in government spending (infrastructure, education, public benefits) [75]",increase in taxes [181],causal,causal
379,strengthening economic environment [58],IT market expansion [345],causal,causal
380,strengthening economic environment [58],currency appreciation against US dollar [22],causal,causal
381,weakening economic environment [309],lack of business investment and opportunities [172],causal,causal
382,lack of business investment and opportunities [172],rising unemployment rates [173],causal,causal
383,rising unemployment rates [173],growing social tension [103],causal,causal
384,lack of business investment and opportunities [172],talent migrate to other countries [353],causal,causal
385,weakening economic environment [309],decrease in taxes [102],causal,causal
386,weakening economic environment [309],lower domestic demand [50],causal,causal
387,weakening economic environment [309],decreased government spending [174],causal,causal
388,weakening economic environment [309],rising unemployment rates [173],causal,causal
389,weakening economic environment [309],decreased foreign direct investment [88],causal,causal
390,weakening economic environment [309],decreased tourism [175],causal,causal
391,weakening economic environment [309],lower aggregate supply [176],causal,causal
392,weakening economic environment [309],decrease in consumer and investor spending [108],causal,causal
393,weakening economic environment [309],decreased investment by businesses [178],causal,causal
394,weakening economic environment [309],currency depreciation against US dollar [39],causal,causal
395,weakening economic environment [309],decrease in price of commodity [91],causal,causal
396,weakening economic environment [309],"decrease in government spending (infrastructure, education, public benefits) [114]",causal,causal
397,"decrease in government spending (infrastructure, education, public benefits) [114]",growing social tension [103],causal,causal
398,"decrease in government spending (infrastructure, education, public benefits) [114]",decreased talent in workforce [115],causal,causal
399,weakening economic environment [309],IT market deceleration or downsize [354],causal,causal
400,IT market deceleration or downsize [354],clients willing to adopt new platforms at better rates [358],causal,causal
401,weakening economic environment [309],currency depreciation against US dollar [39],causal,causal
402,increasing trade deficit [45],lower domestic demand [50],non_causal,causal
403,increase in data privacy regulations [20],client disruption [313],non_causal,causal
404,exchange outlook is positive [29],potential innovation for substitute or less expensive product [222],non_causal,causal
405,cost of connecting decreases [159],uneven distribution of wealth [197],non_causal,causal
406,increased revenue for businesses [113],country in state of war [226],non_causal,causal
407,higher aggregate supply [184],increase in corruption [136],non_causal,causal
408,increasing size of IT market [301],disadvantaged FX rate hurts net exporter country [36],non_causal,causal
409,temporarily loss of business [314],untapped market for data providers to enter [80],non_causal,causal
410,IT industries funding local initiatives [352],increased competition [166],non_causal,causal
411,higher unemployment rates for domestic unskilled workers [237],"XaaS and digital platforms shorten distribution chain, connecting end users with main service and IT provider directly [378]",non_causal,causal
412,temporarily loss of business [314],radical political party or official elected [195],non_causal,causal
413,lower demand for USD [25],increase in investment by businesses [187],non_causal,causal
414,broadband Internet becoming more widely available [154],currency depreciation against US dollar [39],non_causal,causal
415,increase in personal identify theft attacks [212],higher international reserves [384],non_causal,causal
416,promote exports [258],increase in corruption [136],non_causal,causal
417,low inflation [27],increases in dependability on devices [169],non_causal,causal
418,controls to repatriate cash [53],increase ability for smaller domestic providers to become competitive [205],non_causal,causal
419,promote exports [258],lack of respect for authority [196],non_causal,causal
420,increase in personal identify theft attacks [212],changing market driving the needs for new business model [15],non_causal,causal
421,allows for a fair playing ground for all firms [120],increase in possibility of FCPA violation [189],non_causal,causal
422,demand for more IT infrastructure [372],increase consumer spending [112],non_causal,causal
423,increasing size of IT market [301],decrease in corruption [59],non_causal,causal
424,decreased tariffs on foreign firms [124],currency depreciation against US dollar [39],non_causal,causal
425,increasing size of IT market [301],maturity of ecosystem and business partners [291],non_causal,causal
426,outpaced currency black market exchange rate [40],weakening economic environment [309],non_causal,causal
427,IT market expansion [345],unable to stay competitive globally [89],non_causal,causal
428,increasing government and political stability [64],less profits for businesses [223],non_causal,causal
429,increased dependency on devices (e.g. IoT) [18],reduced income [230],non_causal,causal
430,decreased tourism [175],lower international reserves to GDP ratio [46],non_causal,causal
431,increase in bribery [137],decreased use of government forces for domestic control [320],non_causal,causal
432,increased local protectionism [239],clients willing to adopt new platforms at better rates [358],non_causal,causal
433,reduction in business investment [138],increase in innovative funding [155],non_causal,causal
434,increases in dependability on devices [169],decrease in taxes [102],non_causal,causal
435,temporarily loss of business [314],changing market driving the needs for new business model [15],non_causal,causal
436,increased irregular geological data [315],competitive FX rate benefits net exporter country [49],non_causal,causal
437,dumping by foreign firms at prices below cost [257],increase in tourism [371],non_causal,causal
438,decreasing trade deficit or increasing surplus [28],IT niche competitors operation offshore [348],non_causal,causal
439,reduced demand for commodity [92],market disruptors [168],non_causal,causal
440,increase in innovative funding [155],drastic increase in taxes [194],non_causal,causal
441,increased irregular geological data [315],unfavorable law passed [135],non_causal,causal
442,decreased business productivity [270],increased demand for commodity [215],non_causal,causal
443,decreased use of government forces for domestic control [320],less government protection and funding of domestic firms [119],non_causal,causal
444,less startups and new businesses [248],natural disasters [305],non_causal,non_causal
445,increase in investment by businesses [187],decreased talent in workforce [115],non_causal,causal
446,fair allocation of government budget [68],decreased cost of transportation (oil) [96],non_causal,causal
447,promote local business and foreign investment [263],increased capital controls [193],non_causal,causal
448,disadvantaged FX rate hurts net importer country [396],increases in dependability on devices [169],non_causal,causal
449,reduced regulations and production quotas on commodities [122],disadvantaged FX rate hurts net importer country [396],non_causal,causal
450,lack of respect for authority [196],low inflation [27],non_causal,causal
451,natural disaster reduces availability of commodity [217],favorable official(political figurehead) or party elected [262],non_causal,causal
452,reduced tax incentives [404],lower revenue for multinational companies [43],non_causal,causal
453,increase in taxes [181],promote local business and foreign investment [263],non_causal,causal
454,restrictions to clients to expand their businesses infrastructure [252],substituting or adjacent industries prevailing [94],non_causal,causal
455,promote local business [240],substituting or adjacent industries prevailing [94],non_causal,causal
456,increased motivation for entrepreneurs [109],increased competition [166],non_causal,causal
457,increased government IT spending [332],lower aggregate supply [176],non_causal,causal
458,increase in personal identify theft attacks [212],unfavorable law passed [135],non_causal,causal
459,decreased government spending [174],outpaced currency black market exchange rate [40],non_causal,causal
460,unfavorable uses of data by providers and businesses [213],increased talent in workforce [77],non_causal,causal
461,call for new social programs [228],"increased speed efficiency, and lower cost [11]",non_causal,causal
462,decrease in data privacy regulations [297],reduced tax incentives [404],non_causal,causal
463,change in business strategy to meet a changing demand [296],increase in corruption [136],non_causal,causal
464,growing tax revenue [324],decrease in consumer and investor spending [108],non_causal,causal
465,increase in bribery [137],self sufficiency to protect from being too exposed (global recession) [261],non_causal,causal
466,increased risk of cyber attacks [19],offshore services become advantageous [82],non_causal,causal
467,improved competitiveness [30],reduced demand for commodity [92],non_causal,causal
468,increased irregular tide and current and wave data (patterns) [318],decreased investor and consumer confidence [198],non_causal,causal
469,increased supplier competition around commodity [95],cheaper FX rate benefits net importer country [32],non_causal,causal
470,competitive FX rate benefits net exporter country [49],decreased tourism [175],non_causal,causal
471,decreased government spending [174],favorable official(political figurehead) or party elected [262],non_causal,causal
472,decrease in price of commodity [91],"government open to foreign IT support, regulations in place [379]",non_causal,causal
473,increased cost of transportation (oil) [219],"decrease in government spending (infrastructure, education, public benefits) [114]",non_causal,causal
474,dumping by foreign firms at prices below cost [257],lower aggregate supply [176],non_causal,causal
475,currency depreciation against US dollar [39],increased irregular geological data [315],non_causal,causal
476,decreased government spending [174],lack of respect for authority [196],non_causal,causal
477,increasing government and political stability [64],changing market driving the needs for new business model [15],non_causal,causal
478,change in business strategy to meet a changing demand [296],disadvantaged FX rate hurts net importer country [396],non_causal,causal
479,increasing government and political stability [64],lower profits for local and multinational businesses [101],non_causal,causal
480,higher aggregate supply [184],decreased business productivity [270],non_causal,causal
481,change in consumer interest and needs [283],easy to repatriate cash [62],non_causal,causal
482,changing market driving the needs for new business model [15],decreased government spending [174],non_causal,causal
483,self sufficiency to protect from being too exposed (global recession) [261],radical political party or official elected [195],non_causal,causal
484,decreased business productivity [270],protecting large declining or bankrupt industries [242],non_causal,causal
485,increase cost of burden on multinational data providers [200],increased supplier competition around commodity [95],non_causal,causal
486,employee safety [311],maturity of ecosystem and business partners [291],non_causal,causal
487,self sufficiency to protect from being too exposed (global recession) [261],decreased talent in workforce [115],non_causal,causal
488,exchange rate outlook is negative [42],decreased local protectionism [118],non_causal,causal
489,strict environmental regulation [250],promote local business [240],non_causal,causal
490,increased government IT spending [332],increased cyber attacks [210],non_causal,causal
491,decreased local protectionism [118],increase consumer spending [112],non_causal,causal
492,new competitors [2],increased dependency on devices (e.g. IoT) [18],non_causal,causal
493,increase in bribery [137],increase in movement of tectonic plates [317],non_causal,causal
494,dumping by foreign firms at prices below cost [257],technology products reducing in price [158],non_causal,causal
495,request positive balance of trade [368],protecting large declining or bankrupt industries [242],non_causal,causal
496,disruptive technologies [152],increased motivation for businesses to outsource work [236],non_causal,causal
497,reduced regulations and production quotas on commodities [122],exchange outlook is positive [29],non_causal,causal
498,weakening economic environment [309],foreign data providers dominate market [208],non_causal,causal
499,increased irregular weather data (patterns) [316],increase in possibility of FCPA violation [189],non_causal,causal
500,country in state of war [226],higher international reserves [384],non_causal,causal
501,commoditizing of specific technologies [157],potential innovation for substitute or less expensive product [222],non_causal,causal
502,local corporations purchasing power increase [335],exchange outlook is positive [29],non_causal,causal
503,higher revenue for multinational companies [23],change in consumer interest and needs [283],non_causal,causal
504,decrease in corruption [59],temporarily loss of business [314],non_causal,causal
505,currency appreciation against US dollar [22],decreasing government and political stability [131],non_causal,causal
506,decreased tourism [175],increased competition [166],non_causal,causal
507,low price levels of goods and services [26],higher unemployment rates for domestic unskilled workers [237],non_causal,causal
508,increased motivation for businesses to outsource work [236],decreased government spending [174],non_causal,causal
509,decreased cost of doing business [97],high geographic disaster exposure [319],non_causal,causal
510,prolonged economic decline (recession) [106],decreasing trade deficit or increasing surplus [28],non_causal,causal
511,decrease in corruption [59],protecting infant industries [245],non_causal,causal
512,lower demand for USD [25],decrease in possibility of FCPA violation [65],non_causal,causal
513,promote local business and foreign investment [263],increase in tourism [371],non_causal,causal
514,change in business strategy [161],increased government spending [183],non_causal,causal
515,cost of connecting decreases [159],increases in dependability on devices [169],non_causal,causal
516,lack of consumer confidence in data providers [209],maturity of ecosystem and business partners [291],non_causal,causal
517,regulators agreement to raise the group's production quota [93],new competitors [2],non_causal,causal
518,decrease in corruption [59],talent migrate to other countries [353],non_causal,causal
519,favorable law passed [72],increase in price of commodity [214],non_causal,causal
520,decreased use of government forces for domestic control [320],unfavorable law passed [135],non_causal,causal
521,weakening economic environment [309],increased local protectionism [239],non_causal,causal
522,decreasing trade deficit or surplus [185],increase in movement of tectonic plates [317],non_causal,non_causal
523,lower revenue for multinational companies [43],regulators agreement to raise the group's production quota [93],non_causal,causal
524,low price levels of goods and services [26],increased interest rate [329],non_causal,causal
525,self sufficiency to protect from being too exposed (global recession) [261],unfavorable official(political figurehead) or party elected [134],non_causal,causal
526,rising unemployment rates [173],increased government spending [183],non_causal,causal
527,offshore services become advantageous [82],reduced tax incentives [404],non_causal,causal
528,increased irregular tide and current and wave data (patterns) [318],decrease in consumer and investor spending [108],non_causal,causal
529,IT industries funding local initiatives [352],increase in tourism [371],non_causal,causal
530,regulators agreement to raise the group's production quota [93],restriction to operate with resources from foreign countries [366],non_causal,causal
531,increase in possibility of FCPA violation [189],IT niche competitors operation offshore [348],non_causal,causal
532,increase in personal identify theft attacks [212],reduced income [230],non_causal,causal
533,increased talent in workforce [77],growing respect for authority [70],non_causal,causal
534,discouraged consumer and business behavior [229],lower international reserves to GDP ratio [46],non_causal,causal
535,able to analyze market and consumers better [83],regulations allow and support slow decline [243],non_causal,causal
536,increased investor and consumer confidence [73],IT industries funding local initiatives [352],non_causal,causal
537,increase in innovative funding [155],increased revenue for businesses [113],non_causal,causal
538,increased cost of doing business [220],favorable law passed [72],non_causal,causal
539,unfavorable official(political figurehead) or party elected [134],cost of connecting decreases [159],non_causal,causal
540,decreased use of government forces for domestic control [320],reduced income [230],non_causal,causal
541,capital controls (currency volatility) [52],increases exposure to potential security threats [170],non_causal,causal
542,substituting or adjacent industries prevailing [94],decreased tariffs on foreign firms [124],non_causal,causal
543,decrease in possibility of FCPA violation [65],decreased business productivity [270],non_causal,causal
544,decrease in social expenditure [321],local corporations purchasing power increase [335],non_causal,causal
545,growing tax revenue [324],low inflation [27],non_causal,causal
546,increased programs in support of international trade [127],increases in dependability on devices [169],non_causal,causal
547,higher revenue for multinational companies [23],competitive FX rate benefits net exporter country [49],non_causal,causal
548,favorable official(political figurehead) or party elected [262],increase in corruption [136],non_causal,causal
549,"government open to foreign IT support, regulations in place [379]",cost of connecting decreases [159],non_causal,causal
550,reduced tourism [272],increase in investment by businesses [187],non_causal,causal
551,local business motivated to cut cost to be more competitive on global market [387],increasing number of multinational players [300],non_causal,causal
552,increase ability for smaller domestic providers to become competitive [205],increased competition [166],non_causal,causal
553,reduction in business investment [138],increased tariffs on foreign firms [247],non_causal,causal
554,higher aggregate supply [184],lower domestic demand [50],non_causal,causal
555,change in business strategy to meet a changing demand [296],increase in bribery [137],non_causal,causal
556,maturity of ecosystem and business partners [291],increased government spending [183],non_causal,causal
557,decreased government spending [174],radical political party or official elected [195],non_causal,causal
558,currency appreciation against US dollar [22],business or supplier disruption [306],non_causal,causal
559,increasing trade deficit [45],fair justice system [69],non_causal,non_causal
560,market disruptors [168],lower unemployment rates [180],non_causal,causal
561,increase consumer spending [112],lower revenue for multinational companies [43],non_causal,causal
562,increased programs in support of international trade [127],increased government spending [183],non_causal,causal
563,increased cost of transportation (oil) [219],increasing debt levels [47],non_causal,causal
564,IT industries funding local initiatives [352],lower aggregate supply [176],non_causal,causal
565,reduced income [230],technology products reducing in price [158],non_causal,causal
566,increased talent in workforce [77],untapped market for data providers to enter [80],non_causal,causal
567,increased irregular tide and current and wave data (patterns) [318],decreased talent in workforce [115],non_causal,causal
568,lower unemployment rates [180],increase in personal identify theft attacks [212],non_causal,causal
569,clients willing to adopt new platforms at better rates [358],regulators agreement to raise the group's production quota [93],non_causal,causal
570,increased threat of terrorism [211],less government protection and funding of domestic firms [119],non_causal,causal
571,potential innovation for substitute or less expensive product [222],temporarily loss of business [314],non_causal,causal
572,decrease in possibility of FCPA violation [65],lack of consumer confidence in data providers [209],non_causal,causal
573,increased risk of cyber attacks [19],increased supplier competition around commodity [95],non_causal,causal
574,unfavorable uses of data by providers and businesses [213],currency depreciation against US dollar [39],non_causal,causal
575,rapid technological change [292],technology products reducing in price [158],non_causal,causal
576,improving social order [76],local corporations purchasing power increase [335],non_causal,causal
577,unfavorable official(political figurehead) or party elected [134],potential innovation for substitute or less expensive product [222],non_causal,causal
578,shrinking tax income [331],high geographic disaster exposure [319],non_causal,causal
579,lack of respect for authority [196],increase in personal identify theft attacks [212],non_causal,causal
580,unfair allocation of government budget [133],increased local protectionism [239],non_causal,causal
581,decrease in social expenditure [321],increased foreign talent immigration [360],non_causal,causal
582,reduced income [230],favorable law passed [72],non_causal,causal
583,lower revenue for multinational companies [43],decreased investment by businesses [178],non_causal,causal
584,lower unemployment rates [180],more effective and less expensive methods or techniques for getting commodity [99],non_causal,causal
585,increase in social expenditure [327],decreasing government and political stability [131],non_causal,causal
586,cost of connecting decreases [159],increase consumer spending [112],non_causal,causal
587,allows for a fair playing ground for all firms [120],request positive balance of trade [368],non_causal,causal
588,increased local protectionism [239],increasing government and political stability [64],non_causal,causal
589,call for new social programs [228],demand for more IT infrastructure [372],non_causal,causal
590,reduced tax incentives [404],increased business investment and opportunity [179],non_causal,causal
591,increased cyber attacks [210],increased motivation for entrepreneurs [109],non_causal,causal
592,local corporations purchasing power increase [335],disadvantaged FX rate hurts net exporter country [36],non_causal,causal
593,increased revenue for businesses [113],increase in movement of tectonic plates [317],non_causal,non_causal
594,unable to stay competitive globally [89],lower unemployment rates [180],non_causal,causal
595,increased irregular geological data [315],lagging behind in technological wave [130],non_causal,causal
596,increased innovative culture [110],regulations allow and support slow decline [243],non_causal,causal
597,favorable official(political figurehead) or party elected [262],regulators agreement to reduce the production quota [216],non_causal,causal
598,foreign data providers dominate market [208],decrease in price of commodity [91],non_causal,causal
599,uneven distribution of wealth [197],less government protection and funding of domestic firms [119],non_causal,causal
600,growing social tension [103],business or supplier disruption [306],non_causal,causal
601,higher international reserves [384],improving social order [76],non_causal,causal
602,IT market deceleration or downsize [354],increased dependency on devices (e.g. IoT) [18],non_causal,causal
603,increased investor and consumer confidence [73],radical political party or official elected [195],non_causal,causal
604,increased foreign direct investment [31],increased risk of cyber attacks [19],non_causal,causal
605,weakening economic environment [309],unfair allocation of government budget [133],non_causal,causal
606,higher aggregate supply [184],"government open to foreign IT support, regulations in place [379]",non_causal,causal
607,increased demand for commodity [215],growing tax revenue [324],non_causal,causal
608,growing respect for authority [70],increase consumer spending [112],non_causal,causal
609,more effective and less expensive methods or techniques for getting commodity [99],unfair justice system [132],non_causal,causal
610,restrictions to clients to expand their businesses infrastructure [252],lower aggregate supply [176],non_causal,causal
611,promote local business and foreign investment [263],increase consumer spending [112],non_causal,causal
612,change in consumer interest and needs [283],regulators agreement to raise the group's production quota [93],non_causal,causal
613,government trying to stimulate economy [90],increased cost of doing business [220],non_causal,causal
614,technology products reducing in price [158],high inflation [41],non_causal,non_causal
615,increase in movement of tectonic plates [317],increased competition [166],non_causal,causal
616,government trying to stimulate economy [90],increased government IT spending [332],non_causal,causal
617,commoditizing of specific technologies [157],decreasing government and political stability [131],non_causal,causal
618,less startups and new businesses [248],promote exports [258],non_causal,causal
619,increasing debt levels [47],increase consumer spending [112],non_causal,causal
620,promote local business and foreign investment [263],higher unemployment rates for domestic unskilled workers [237],non_causal,causal
621,technology products reducing in price [158],increases exposure to potential security threats [170],non_causal,causal
622,higher unemployment rates for domestic unskilled workers [237],clients willing to adopt new platforms at better rates [358],non_causal,causal
623,increased motivation for businesses to outsource work [236],lower demand for USD [25],non_causal,causal
624,increase in price of commodity [214],decreasing trade deficit or surplus [185],non_causal,causal
625,promote local business [240],favorable law passed [72],non_causal,causal
626,unfavorable uses of data by providers and businesses [213],increasing government and political stability [64],non_causal,non_causal
627,talent migrate to other countries [353],IT market expansion [345],non_causal,causal
628,decreased business productivity [270],increased demand for commodity [215],non_causal,causal
629,increased dependency on devices (e.g. IoT) [18],increase in movement of tectonic plates [317],non_causal,non_causal
630,lower international reserves to GDP ratio [46],decreased cost of doing business [97],non_causal,causal
631,dumping by foreign firms at prices below cost [257],increasing government and political stability [64],non_causal,causal
632,increased risk of cyber attacks [19],increased talent in workforce [77],non_causal,causal
633,untapped market for data providers to enter [80],increase in social expenditure [327],non_causal,causal
634,increased cost of transportation (oil) [219],restriction to operate with resources from foreign countries [366],non_causal,causal
635,high geographic disaster exposure [319],reduced income [230],non_causal,causal
636,low inflation [27],unfavorable law passed [135],non_causal,causal
637,liberal politician or party elected [227],increased risk of cyber attacks [19],non_causal,causal
638,increased foreign direct investment [31],clients and potential clients need help to comply with privacy [201],non_causal,causal
639,increasing number of multinational players [300],"increase in government spending (infrastructure, education, public benefits) [75]",non_causal,causal
640,regulations allow and support slow decline [243],unfavorable law passed [135],non_causal,causal
641,country in state of war [226],minimum or no black market FX rate [383],non_causal,causal
642,increased irregular tide and current and wave data (patterns) [318],shrinking tax income [331],non_causal,causal
643,increase in bribery [137],increased motivation for businesses to outsource work [236],non_causal,causal
644,conservative politician elected [104],restrictions to clients to expand their businesses infrastructure [252],non_causal,causal
645,protecting infant industries [245],restriction to operate with resources from foreign countries [366],non_causal,causal
646,decreased cost of doing business [97],market disruptors [168],non_causal,causal
647,prolonged economic growth (boom) [225],lower profits for local and multinational businesses [101],non_causal,causal
648,dumping by foreign firms at prices below cost [257],drastic increase in taxes [194],non_causal,causal
649,increased local protectionism [239],looser capital controls [60],non_causal,causal
650,decreased government spending [174],temporarily loss of business [314],non_causal,causal
651,over reliance on international trade [259],increased capital controls [193],non_causal,causal
652,more profits for businesses [224],increase in infrastructure in 3rd world countries [298],non_causal,causal
653,decrease in price of commodity [91],reduced tourism [272],non_causal,causal
654,lower unemployment rates [180],increased cost of transportation (oil) [219],non_causal,causal
655,reduced tourism [272],growing tax revenue [324],non_causal,causal
656,restrictions to clients to expand their businesses infrastructure [252],increases exposure to potential security threats [170],non_causal,causal
657,unfavorable uses of data by providers and businesses [213],increase in corruption [136],non_causal,causal
658,increased cost of transportation (oil) [219],weakening economic environment [309],non_causal,causal
659,rapid technological change [292],increased capital controls [193],non_causal,causal
660,unfavorable official(political figurehead) or party elected [134],increase in personal identify theft attacks [212],non_causal,causal
661,increased business investment and opportunity [179],rising unemployment rates [173],non_causal,causal
662,fair allocation of government budget [68],increase in price of commodity [214],non_causal,causal
663,decreased business productivity [270],business or supplier disruption [306],non_causal,causal
664,increased interest rate [329],increased local protectionism [239],non_causal,causal
665,able to analyze market and consumers better [83],conservative politician elected [104],non_causal,causal
666,increase in tourism [371],increased irregular geological data [315],non_causal,causal
667,decreasing government and political stability [131],increasing size of IT market [301],non_causal,causal
668,lack of business investment and opportunities [172],untapped market for data providers to enter [80],non_causal,causal
669,request positive balance of trade [368],dumping by foreign firms at prices below cost [257],non_causal,causal
670,increasing number of multinational players [300],lack of respect for authority [196],non_causal,causal
671,increased dependency on devices (e.g. IoT) [18],decreasing debt levels [107],non_causal,causal
672,increases exposure to potential security threats [170],reduction in business investment [138],non_causal,causal
673,protecting infant industries [245],disruptive technologies [152],non_causal,causal
674,excessive use of government forces for domestic control [326],conservative politician elected [104],non_causal,causal
675,increase in unemployment [403],easy to repatriate cash [62],non_causal,causal
676,increased cyber attacks [210],weakening economic environment [309],non_causal,causal
677,clients and potential clients need help to comply with privacy [201],strict environmental regulation [250],non_causal,causal
678,potential innovation for substitute or less expensive product [222],increased business investment and opportunity [179],non_causal,causal
679,decreased investment by businesses [178],decrease in corruption [59],non_causal,causal
680,business or supplier disruption [306],increased demand for commodity [215],non_causal,causal
681,decreased investor and consumer confidence [198],increased irregular tide and current and wave data (patterns) [318],non_causal,causal
682,increase in tourism [371],regulators agreement to reduce the production quota [216],non_causal,causal
683,increasing number of IT players [299],reduced demand for commodity [92],non_causal,causal
684,radical political party or official elected [195],increase in possibility of FCPA violation [189],non_causal,causal
685,increased programs in support of international trade [127],increased competition [166],non_causal,causal
686,unfair justice system [132],untapped market for data providers to enter [80],non_causal,causal
687,looser capital controls [60],radical political party or official elected [195],non_causal,causal
688,increased interest rate [329],broadband Internet becoming more widely available [154],non_causal,causal
689,market disruptors [168],decreased government spending [174],non_causal,causal
690,decreased business productivity [270],able to analyze market and consumers better [83],non_causal,causal
691,self sufficiency to protect from being too exposed (global recession) [261],domestic firms have comparative advantage [246],non_causal,causal
692,more profits for businesses [224],decreased investment by businesses [178],non_causal,causal
693,increasing budget deficit [328],request positive balance of trade [368],non_causal,causal
694,increased revenue for businesses [113],decreasing government and political stability [131],non_causal,causal
695,increase cost of burden on multinational data providers [200],reduced risk of net exposed position and local currency deals [343],non_causal,causal
696,regulators agreement to reduce the production quota [216],natural disasters [305],non_causal,causal
697,increasing number of multinational players [300],restriction to operate with resources from foreign countries [366],non_causal,causal
698,increase in personal identify theft attacks [212],"increased speed efficiency, and lower cost [11]",non_causal,causal
699,increase in investment by businesses [187],increased irregular geological data [315],non_causal,causal
700,restrictions to clients to expand their businesses infrastructure [252],uneven distribution of wealth [197],non_causal,causal
701,government trying to stimulate economy [90],lower profits for local and multinational businesses [101],non_causal,causal
702,reduced demand for commodity [92],more profits for businesses [224],non_causal,causal
703,lower aggregate supply [176],favorable official(political figurehead) or party elected [262],non_causal,causal
704,excessive use of government forces for domestic control [326],"increased speed efficiency, and lower cost [11]",non_causal,causal
705,lack of business investment and opportunities [172],IT market expansion [345],non_causal,causal
706,lower domestic demand [50],restriction to operate with resources from foreign countries [366],non_causal,causal
707,reduction in business investment [138],increase in tourism [371],non_causal,causal
708,increasing debt levels [47],decreased investor and consumer confidence [198],non_causal,causal
709,market disruptors [168],growing tax revenue [324],non_causal,causal
710,higher revenue for multinational companies [23],decreased tariffs on foreign firms [124],non_causal,causal
711,"increased speed efficiency, and lower cost [11]",increased local protectionism [239],non_causal,causal
712,increasing government and political stability [64],outpaced currency black market exchange rate [40],non_causal,causal
713,promote local business [240],able to analyze market and consumers better [83],non_causal,causal
714,rapid technological change [292],exchange outlook is positive [29],non_causal,causal
715,higher demand for partnerships (joint ventures) [254],increased ability to facilitate peer to peer transactions [285],non_causal,causal
716,strengthening economic environment [58],local business motivated to cut cost to be more competitive on global market [387],non_causal,causal
717,promote local business [240],cost of connecting decreases [159],non_causal,causal
718,foreign data providers dominate market [208],increase in tourism [371],non_causal,causal
719,higher aggregate demand [182],increased talent in workforce [77],non_causal,non_causal
720,strengthening economic environment [58],increased cost of doing business [220],non_causal,causal
721,"increase in government spending (infrastructure, education, public benefits) [75]",employee safety [311],non_causal,causal
722,dumping by foreign firms at prices below cost [257],broadband Internet becoming more widely available [154],non_causal,causal
723,cheaper FX rate benefits net importer country [32],increasing government and political stability [64],non_causal,causal
724,increase in innovative funding [155],decreasing government and political stability [131],non_causal,causal
725,reduced regulations and production quotas on commodities [122],increased motivation for entrepreneurs [109],non_causal,causal
726,looser capital controls [60],increase in corruption [136],non_causal,causal
727,untapped market for data providers to enter [80],lower domestic demand [50],non_causal,causal
728,discouraged consumer and business behavior [229],increased investor and consumer confidence [73],non_causal,causal
729,decreasing debt levels [107],increased interest rate [329],non_causal,causal
730,increased demand for commodity [215],decreased tariffs on foreign firms [124],non_causal,causal
731,increased foreign talent immigration [360],government trying to stimulate economy [90],non_causal,causal
732,regulators agreement to reduce the production quota [216],IT niche competitors operation offshore [348],non_causal,causal
733,rising unemployment rates [173],substituting or adjacent industries prevailing [94],non_causal,causal
734,exchange outlook is positive [29],disruptive technologies [152],non_causal,causal
735,digital economies growing [160],restrictions to clients to expand their businesses infrastructure [252],non_causal,causal
736,increased talent in workforce [77],increase in data privacy regulations [20],non_causal,causal
737,more effective and less expensive methods or techniques for getting commodity [99],strict environmental regulation [250],non_causal,causal
738,"increase in government spending (infrastructure, education, public benefits) [75]",increase in infrastructure in 3rd world countries [298],non_causal,causal
739,increase in infrastructure in 3rd world countries [298],increased ability to facilitate peer to peer transactions [285],non_causal,causal
740,decreased tariffs on foreign firms [124],discouraged consumer and business behavior [229],non_causal,causal
741,lower unemployment rates [180],outpaced currency black market exchange rate [40],non_causal,causal
742,"increase in government spending (infrastructure, education, public benefits) [75]",local corporations purchasing power increase [335],non_causal,causal
743,increase ability for smaller domestic providers to become competitive [205],reduced tourism [272],non_causal,causal
744,cheaper FX rate benefits net importer country [32],higher demand for partnerships (joint ventures) [254],non_causal,causal
745,cheaper FX rate benefits net importer country [32],lower profits for local and multinational businesses [101],non_causal,causal
746,fair justice system [69],increase in social expenditure [327],non_causal,causal
747,higher international reserves [384],decreased use of government forces for domestic control [320],non_causal,causal
748,increased capital controls [193],reduced risk of net exposed position and local currency deals [343],non_causal,causal
749,unfavorable official(political figurehead) or party elected [134],outpaced currency black market exchange rate [40],non_causal,causal
750,lagging behind in technological wave [130],decreased government spending [174],non_causal,causal
751,decrease in price of commodity [91],increased talent in workforce [77],non_causal,causal
752,unfair justice system [132],unable to stay competitive globally [89],non_causal,causal
753,higher revenue for multinational companies [23],increasing trade deficit [45],non_causal,causal
754,domestic firms have comparative advantage [246],radical political party or official elected [195],non_causal,non_causal
755,broadband Internet becoming more widely available [154],increased irregular weather data (patterns) [316],non_causal,causal
756,minimum or no black market FX rate [383],decreased investor and consumer confidence [198],non_causal,causal
757,changing market driving the needs for new business model [15],radical political party or official elected [195],non_causal,causal
758,promote exports [258],foreign data providers dominate market [208],non_causal,causal
759,drastic increase in taxes [194],"increased speed efficiency, and lower cost [11]",non_causal,causal
760,increase in social expenditure [327],increased capital controls [193],non_causal,causal
761,improving social order [76],rapid technological change [292],non_causal,causal
762,local business motivated to cut cost to be more competitive on global market [387],decreased government spending [174],non_causal,causal
763,"XaaS and digital platforms shorten distribution chain, connecting end users with main service and IT provider directly [378]",increased investor and consumer confidence [73],non_causal,causal
764,lower revenue for multinational companies [43],higher international reserves [384],non_causal,causal
765,high inflation [41],allows for a fair playing ground for all firms [120],non_causal,non_causal
766,decreased talent in workforce [115],decreased foreign direct investment [88],non_causal,causal
767,unfavorable law passed [135],increased demand for commodity [215],non_causal,causal
768,decreased talent in workforce [115],decreased local protectionism [118],non_causal,causal
769,"government open to foreign IT support, regulations in place [379]",increase ability for smaller domestic providers to become competitive [205],non_causal,causal
770,increased demand for commodity [215],IT market expansion [345],non_causal,causal
771,promote local business and foreign investment [263],increasing number of IT players [299],non_causal,causal
772,more startups and new businesses [126],decreased government spending [174],non_causal,causal
773,increased foreign talent immigration [360],increasing trade deficit [45],non_causal,causal
774,increased demand for commodity [215],regulators agreement to reduce the production quota [216],non_causal,causal
775,rapid technological change [292],increasing number of IT players [299],non_causal,causal
776,decreased cost of transportation (oil) [96],increased tariffs on foreign firms [247],non_causal,causal
777,increase in data privacy regulations [20],high geographic disaster exposure [319],non_causal,non_causal
778,promote local business and foreign investment [263],self sufficiency to protect from being too exposed (global recession) [261],non_causal,causal
779,broadband Internet becoming more widely available [154],IT market deceleration or downsize [354],non_causal,causal
780,increasing budget deficit [328],growing tax revenue [324],non_causal,causal
781,more profits for businesses [224],increased capital controls [193],non_causal,causal
782,lower international reserves to GDP ratio [46],increased talent in workforce [77],non_causal,causal
783,promote exports [258],easy to repatriate cash [62],non_causal,causal
784,reduced tax incentives [404],decreased foreign direct investment [88],non_causal,causal
785,unfair allocation of government budget [133],self sufficiency to protect from being too exposed (global recession) [261],non_causal,causal
786,market disruptors [168],decreased tourism [175],non_causal,causal
787,increased interest rate [329],higher revenue for multinational companies [23],non_causal,causal
788,increases in dependability on devices [169],increase cost of burden on multinational data providers [200],non_causal,causal
789,controls to repatriate cash [53],clients and potential clients need help to comply with privacy [201],non_causal,causal
790,decreased investor and consumer confidence [198],higher profits for local and multinational businesses [100],non_causal,causal
791,country in state of war [226],fair justice system [69],non_causal,causal
792,shrinking tax income [331],increased motivation for businesses to outsource work [236],non_causal,causal
793,decrease in consumer and investor spending [108],lack of consumer confidence in data providers [209],non_causal,causal
794,changing market driving the needs for new business model [15],less government protection and funding of domestic firms [119],non_causal,causal
795,decreasing government and political stability [131],reduced demand for commodity [92],non_causal,causal
796,increase in personal identify theft attacks [212],able to analyze market and consumers better [83],non_causal,causal
797,increased ability to facilitate peer to peer transactions [285],decrease in data privacy regulations [297],non_causal,causal
798,decreased government spending [174],change in business strategy to meet a changing demand [296],non_causal,causal
799,increased interest rate [329],increase in possibility of FCPA violation [189],non_causal,causal
800,increasing size of IT market [301],substituting or adjacent industries prevailing [94],non_causal,causal
801,local business motivated to cut cost to be more competitive on global market [387],decreased talent in workforce [115],non_causal,causal
802,increased motivation for entrepreneurs [109],decrease in data privacy regulations [297],non_causal,causal
803,decreased local protectionism [118],higher aggregate demand [182],non_causal,causal
